City,Cloudiness,Country,Date,Humidity,Lat,Lng,Max Temp,Wind Speed
Novy Urengoy,27,RU,1626069688,47,66.0833,76.6333,50.9,16.58
Staryy Nadym,87,RU,1626069688,47,65.6118,72.6842,52.25,13.09
Alta Floresta,37,BR,1626069689,49,-9.8756,-56.0861,63.91,2.71
Puerto Ayora,17,EC,1626069689,88,-0.7393,-90.3518,70.56,1.99
Bluff,78,NZ,1626069689,79,-46.6,168.3333,46.17,8.52
Hermanus,54,ZA,1626069690,70,-34.4187,19.2345,54.9,13.89
Portland,0,US,1626069661,69,45.5234,-122.6762,73.38,1.01
Bridgetown,64,BB,1626069690,82,13.1,-59.6167,79.95,21.43
Rikitea,23,PF,1626069691,79,-23.1203,-134.9692,74.14,18.45
Ushuaia,83,AR,1626069691,92,-54.8,-68.3,29.61,7.14
São João da Barra,0,BR,1626069691,91,-21.6403,-41.0511,65.3,3.09
Hofn,2,IS,1626069692,88,64.2539,-15.2082,51.82,7.23
Mataura,99,NZ,1626069692,99,-46.1927,168.8643,40.12,3.11
Muncar,56,ID,1626069692,65,-8.4333,114.3333,84.52,9.1
Zhigansk,84,RU,1626069693,72,66.7697,123.3711,50.9,7.09
Dikson,100,RU,1626069693,98,73.5069,80.5464,33.46,23.58
Xushan,100,CN,1626069693,69,30.1764,121.2457,97.95,7.56
Acapulco de Juárez,96,MX,1626069694,84,16.8634,-99.8901,79.07,2.84
East London,81,ZA,1626069694,27,-33.0153,27.9116,69.87,18.79
Saint Paul Harbor,100,US,1626069564,93,57.79,-152.4072,49.03,22.03
Dongsheng,100,CN,1626069695,41,39.8161,109.9776,79.03,7.94
Whitehorse,92,CA,1626069608,58,60.7161,-135.0538,57.02,13.0
Qaanaaq,78,GL,1626069695,72,77.484,-69.3632,36.07,3.58
Broken Hill,0,AU,1626069478,27,-31.95,141.4333,64.11,11.5
Hilo,100,US,1626069483,90,19.7297,-155.09,77.29,1.16
Tasiilaq,100,GL,1626069696,97,65.6145,-37.6368,48.36,10.56
Asău,9,RO,1626069696,67,46.4333,26.4,75.4,3.13
Santa Rosa,94,PH,1626068921,70,14.3122,121.1114,89.58,10.92
Chokurdakh,99,RU,1626069697,45,70.6333,147.9167,49.68,12.26
Loukhi,84,RU,1626069697,74,66.0764,33.0381,63.72,2.84
Port Blair,100,IN,1626069697,75,11.6667,92.75,83.1,14.88
Arraial do Cabo,0,BR,1626069698,87,-22.9661,-42.0278,67.15,4.81
Santa Cruz de la Sierra,20,BO,1626069404,83,-17.8,-63.1667,67.46,5.75
Faanui,8,PF,1626069698,73,-16.4833,-151.75,80.4,20.87
Jamestown,90,US,1626069532,97,42.097,-79.2353,69.3,0.0
Avarua,16,CK,1626069698,81,-21.2078,-159.775,76.68,17.72
Paraopeba,0,BR,1626069699,61,-19.2757,-44.4033,55.24,3.22
Chiplūn,100,IN,1626069699,96,17.5333,73.5167,77.83,4.76
Yellowknife,75,CA,1626069604,85,62.456,-114.3525,60.57,3.44
Coquimbo,100,CL,1626069700,84,-29.9533,-71.3436,54.86,3.29
Iqaluit,46,CA,1626069700,76,63.7506,-68.5145,47.7,10.0
Egvekinot,91,RU,1626069700,71,66.3167,-179.1667,53.82,4.7
Khatanga,96,RU,1626069701,38,71.9667,102.5,58.71,11.7
Hambantota,40,LK,1626069701,70,6.1241,81.1185,88.14,12.66
Kawalu,58,ID,1626069701,44,-7.3817,108.2082,89.04,4.94
Cape Town,75,ZA,1626069666,88,-33.9258,18.4232,55.11,4.0
Bredasdorp,62,ZA,1626069702,59,-34.5322,20.0403,45.82,7.09
Anadyr,0,RU,1626069670,56,64.75,177.4833,73.9,11.18
Albany,100,US,1626069702,96,42.6001,-73.9662,64.35,4.85
Pacifica,90,US,1626069703,91,37.6138,-122.4869,63.05,1.99
Esperance,100,AU,1626069703,50,-33.8667,121.9,62.62,25.46
Busselton,47,AU,1626069703,77,-33.65,115.3333,62.04,27.11
Dali,59,CN,1626069703,53,25.7,100.1833,78.51,7.9
Ilulissat,34,GL,1626069704,76,69.2167,-51.1,44.62,0.0
Nabīnagar,49,BD,1626069408,58,23.8917,90.9733,91.53,2.08
Hobart,75,AU,1626069704,75,-42.8794,147.3294,56.23,1.01
Guaymas,43,MX,1626069705,69,27.9333,-110.9,83.73,9.73
Hithadhoo,73,MV,1626069705,69,-0.6,73.0833,81.36,1.9
Lovington,69,US,1626069705,94,32.944,-103.3485,68.41,1.01
Nísia Floresta,22,BR,1626069706,95,-6.0911,-35.2086,70.83,7.45
Coyhaique,90,CL,1626069706,96,-45.5752,-72.0662,35.46,9.46
Reinosa,100,ES,1626069706,98,42.9996,-4.138,50.36,5.91
Buraidah,37,SA,1626069707,8,26.326,43.975,102.34,4.63
Ahipara,100,NZ,1626069707,90,-35.1667,173.1667,51.08,29.84
Norrtälje,29,SE,1626069707,55,59.758,18.705,69.24,2.39
São Filipe,71,CV,1626069708,77,14.8961,-24.4956,72.19,3.74
Hong Kong,99,HK,1626069527,72,22.2855,114.1577,91.45,7.0
Punta Arenas,54,CL,1626069708,79,-53.15,-70.9167,35.11,27.0
Dunedin,100,NZ,1626069708,59,-45.8742,170.5036,45.81,1.99
Copiapó,18,CL,1626069709,69,-27.3667,-70.3333,55.72,2.53
Gimli,17,CA,1626069709,54,50.6336,-96.9907,75.22,9.91
Champerico,70,GT,1626069709,79,14.3,-91.9167,79.72,4.97
Banjar,82,ID,1626069710,64,-8.19,114.9675,84.06,3.27
Mackay,5,AU,1626069710,71,-21.15,149.2,75.69,11.81
Itagi,74,BR,1626069711,98,-14.1628,-40.0061,62.49,1.45
Berlevåg,0,NO,1626069711,82,70.8578,29.0864,58.8,14.97
Barrow,20,US,1626069711,71,71.2906,-156.7887,46.42,6.91
Matagami,0,CA,1626069712,64,49.7502,-77.6328,50.59,3.96
Hokitika,45,NZ,1626069712,80,-42.7167,170.9667,43.86,5.7
Bira,37,RU,1626069712,56,49.0,132.4667,86.83,4.9
Pisco,91,PE,1626069713,86,-13.7,-76.2167,60.03,1.74
Mossendjo,74,CG,1626069713,96,-2.9506,12.7261,64.78,2.17
Houma,1,US,1626069714,94,29.5958,-90.7195,79.0,0.0
Hukuntsi,0,BW,1626069714,37,-24.0,21.75,49.82,12.88
Nipawin,74,CA,1626069714,40,53.3668,-104.0009,73.47,10.63
Samarai,91,PG,1626069715,86,-10.6167,150.6667,79.39,14.0
Changping,100,CN,1626069715,95,40.2186,116.2197,77.52,8.01
Tura,42,IN,1626069715,55,25.5198,90.2201,90.72,3.27
Broome,100,US,1626069716,90,42.2506,-75.833,66.02,1.01
Caravelas,0,BR,1626069716,88,-17.7125,-39.2481,67.5,2.57
Soe,69,ID,1626069716,31,-9.8607,124.284,80.47,11.12
Kontagora,72,NG,1626069717,82,10.3999,5.4695,73.76,3.67
Kaitangata,96,NZ,1626069717,74,-46.2817,169.8464,43.93,8.55
New Norfolk,98,AU,1626069718,74,-42.7826,147.0587,55.89,5.93
Stepnyak,91,KZ,1626069718,39,52.8339,70.7803,78.04,18.54
Solhan,0,TR,1626069718,23,38.9634,41.0293,80.89,4.56
Touros,15,BR,1626069719,91,-5.1989,-35.4608,72.93,11.59
Lüderitz,28,NA,1626069719,86,-26.6481,15.1594,54.3,7.7
Koundara,100,GN,1626069719,98,12.4833,-13.3,72.28,2.91
Kumukh,18,RU,1626069719,62,42.1704,47.1161,70.07,4.88
Bambous Virieux,35,MU,1626069720,58,-20.3428,57.7575,74.21,18.54
Bilma,92,NE,1626069720,39,18.6853,12.9164,85.96,7.61
Northam,100,GB,1626069721,97,51.0333,-4.2167,59.4,6.49
Cabra,1,ES,1626069721,67,37.4725,-4.4421,80.04,1.99
Beringovskiy,43,RU,1626069721,48,63.05,179.3167,67.14,7.78
Honiara,34,SB,1626069722,84,-9.4333,159.95,81.86,4.43
Morón,99,AR,1626069647,86,-34.6534,-58.6198,56.97,3.65
Arrondissement d'Ajaccio,0,FR,1626069722,60,42.0,8.9167,75.69,3.44
Saint-Philippe,40,RE,1626069723,77,-21.3585,55.7679,75.22,14.47
Baruun-Urt,99,MN,1626069723,33,46.6806,113.2792,89.22,7.74
Pimenteiras,6,BR,1626069723,73,-6.2453,-41.4192,69.17,6.96
Mar del Plata,0,AR,1626069600,65,-38.0023,-57.5575,52.09,3.0
Nome,82,US,1626069724,75,64.5011,-165.4064,57.16,6.42
Roald,75,NO,1626069724,72,62.5833,6.1333,65.34,6.91
Buta,100,CD,1626069725,92,2.7858,24.73,72.25,2.37
Hasaki,92,JP,1626069720,77,35.7333,140.8333,90.28,8.84
Port Augusta,44,AU,1626069725,43,-32.5,137.7667,63.72,10.65
Mocuba,98,MZ,1626069725,74,-16.8392,36.9856,70.07,0.49
Lensk,98,RU,1626069726,29,60.7253,114.9278,79.25,3.06
Naze,93,JP,1626069726,79,28.3667,129.4833,80.94,6.33
Weinan,29,CN,1626069727,35,34.5036,109.5089,97.84,5.01
Balabac,38,PH,1626069727,67,7.9868,117.0645,86.4,7.72
Padang,85,ID,1626069725,80,-0.9492,100.3543,87.85,9.46
Tautira,22,PF,1626069727,80,-17.7333,-149.15,77.02,21.0
Ribeira Grande,99,PT,1626069728,73,38.5167,-28.7,66.9,13.18
Mahon,0,ES,1626069728,94,39.8885,4.2658,75.76,8.05
Vaini,92,TO,1626069729,86,-21.2,-175.2,75.87,9.22
Iskateley,45,RU,1626069729,53,67.6803,53.1512,53.49,14.27
Kapaa,70,US,1626069729,80,22.0752,-159.319,80.58,3.0
Norman Wells,93,CA,1626069730,57,65.282,-126.8329,60.37,3.51
Aden,100,YE,1626069668,64,12.7794,45.0367,88.3,21.0
Pacific Grove,63,US,1626069730,95,36.6177,-121.9166,66.6,3.0
Watsa,75,CD,1626069730,95,3.0372,29.5355,65.19,1.48
Salinas,32,US,1626069597,92,36.6777,-121.6555,67.01,1.5
Cururupu,64,BR,1626069731,98,-1.8283,-44.8683,72.95,3.22
Kavieng,98,PG,1626069731,74,-2.5744,150.7967,84.11,14.65
Kununurra,93,AU,1626069731,14,-15.7667,128.7333,91.38,14.97
Rio Grande,22,BR,1626069732,91,-32.035,-52.0986,57.94,8.34
Sur,84,OM,1626069732,60,22.5667,59.5289,91.72,9.19
Emporia,81,US,1626069713,88,38.4039,-96.1817,62.78,8.57
Aklavik,82,CA,1626069732,68,68.2191,-135.0107,43.84,8.59
Gizo Government Station,25,SB,1626069733,71,-8.103,156.8419,83.89,7.94
Cidreira,6,BR,1626069733,90,-30.1811,-50.2056,59.22,9.46
Lourdes,90,FR,1626069733,88,43.1,-0.05,66.94,6.91
Fort Nelson,70,CA,1626069734,57,58.8053,-122.7002,59.04,2.48
Tuktoyaktuk,90,CA,1626069734,75,69.4541,-133.0374,39.25,14.0
Atuona,24,PF,1626069734,72,-9.8,-139.0333,78.48,21.47
Tiarei,10,PF,1626069735,80,-17.5333,-149.3333,77.02,21.74
Airai,98,TL,1626069735,29,-8.9266,125.4092,74.55,5.91
Crestview,40,US,1626069588,93,30.7621,-86.5705,80.24,0.0
George Town,20,MY,1626069561,68,5.4112,100.3354,87.89,5.99
Yangi Marg`ilon,95,UZ,1626069736,57,40.4272,71.7189,80.02,9.22
Cap Malheureux,27,MU,1626069736,70,-19.9842,57.6142,74.46,13.0
Sumenep,99,ID,1626069736,59,-7.0167,113.8667,86.7,13.15
Torbay,90,CA,1626069737,98,47.6666,-52.7314,55.58,10.36
Codrington,97,AU,1626069737,87,-38.2667,141.9667,52.74,12.01
Amalāpuram,95,IN,1626069737,67,16.5833,82.0167,82.78,6.17
Avera,4,US,1626069738,85,33.194,-82.5271,73.06,6.87
Vila Franca do Campo,35,PT,1626069738,80,37.7167,-25.4333,66.61,9.6
La Orilla,100,MX,1626069643,87,17.9833,-102.2333,77.85,2.64
Clyde River,18,CA,1626069738,66,70.4692,-68.5914,45.19,7.2
Bathsheba,64,BB,1626069739,82,13.2167,-59.5167,79.68,20.87
Saint George,77,US,1626069605,27,37.1041,-113.5841,95.34,7.74
Cherskiy,4,RU,1626069739,34,68.75,161.3,81.91,18.61
Aswān,0,EG,1626069740,20,24.0934,32.907,95.97,7.61
Tazovsky,44,RU,1626069740,61,67.4667,78.7,43.43,12.95
Fortuna,90,US,1626069740,92,40.5982,-124.1573,60.42,1.01
Ancud,84,CL,1626069741,91,-41.8697,-73.8203,44.73,3.2
Palmer,90,US,1626069723,86,42.1584,-72.3287,68.9,4.61
Krasnosel'kup,96,RU,1626069741,65,65.7,82.4667,51.98,7.49
Alvorada,55,BR,1626069742,47,-12.48,-49.1247,69.96,4.56
Anito,99,PH,1626069742,71,12.4497,125.2886,86.05,7.94
Port Lincoln,56,AU,1626069742,68,-34.7333,135.8667,59.29,14.14
Kiryat Gat,0,IL,1626069485,100,31.61,34.7642,81.91,3.58
Carnarvon,100,AU,1626069743,80,-24.8667,113.6333,67.28,16.71
Grindavik,90,IS,1626069743,100,63.8424,-22.4338,53.56,19.57
Ugoofaaru,100,MV,1626069743,82,5.6667,73.0,82.18,16.73
Spearfish,1,US,1626069580,35,44.4908,-103.8594,75.42,11.5
Nikolskoye,8,RU,1626069744,55,59.7035,30.7861,75.4,4.09
Upata,100,VE,1626069744,93,8.0086,-62.3989,73.18,5.48
La Tuque,89,CA,1626069744,97,47.4334,-72.7824,56.32,3.71
Baoding,96,CN,1626069745,86,38.8511,115.4903,76.59,8.72
Lagoa,90,PT,1626069745,72,39.05,-27.9833,66.13,15.12
Sitka,100,US,1626069746,81,57.0531,-135.33,55.36,3.2
Husavik,16,IS,1626069746,77,66.0449,-17.3389,54.1,3.49
Nouadhibou,88,MR,1626069746,94,20.931,-17.0347,66.85,11.05
San Nicolas,62,PH,1626069747,72,18.1725,120.5953,87.93,8.19
Port Elizabeth,0,ZA,1626069747,87,-33.918,25.5701,48.49,4.61
Sosnogorsk,33,RU,1626069747,41,63.6023,53.8817,58.57,6.69
Fuling,91,CN,1626069748,75,29.7022,107.3919,86.79,0.54
Pangai,2,TO,1626069748,91,-19.8,-174.35,77.23,12.26
Bundaberg,77,AU,1626069748,69,-24.85,152.35,69.22,5.01
Arinos,5,BR,1626069749,52,-15.9169,-46.1056,58.5,1.97
Bayjī,0,IQ,1626069749,12,34.9311,43.487,104.32,15.28
Tiksi,47,RU,1626069749,58,71.6872,128.8694,42.35,8.43
Carmo do Rio Verde,88,BR,1626069750,42,-15.3536,-49.7075,61.25,3.42
Ponta do Sol,95,PT,1626069750,58,32.6667,-17.1,72.12,8.81
Sembakung,95,ID,1626069750,87,3.8167,117.25,84.13,1.95
Hecun,61,CN,1626069751,55,36.5333,114.1111,89.96,6.35
Camaná,80,PE,1626069751,79,-16.6228,-72.7111,60.51,4.16
Buala,35,SB,1626069751,76,-8.145,159.5921,82.54,6.64
Bethel,90,US,1626069752,93,41.3712,-73.414,74.05,3.44
Lebu,12,CL,1626069752,84,-37.6167,-73.65,44.65,7.31
Weiser,0,US,1626069752,18,44.251,-116.9693,83.32,8.46
Sørland,100,NO,1626069753,87,67.667,12.6934,55.47,22.17
Carmelo,100,UY,1626069753,85,-33.9892,-58.2856,57.16,6.71
Longyearbyen,75,SJ,1626069644,81,78.2186,15.6401,40.84,13.8
Castro,5,BR,1626069753,95,-24.7911,-50.0119,48.69,3.56
Port Alfred,26,ZA,1626069754,30,-33.5906,26.891,70.07,13.27
Keti Bandar,100,PK,1626069754,68,24.1447,67.4497,87.53,10.51
Kindu,8,CD,1626069754,36,-2.95,25.95,73.22,2.37
Sharjah city,53,AE,1626069755,46,25.3573,55.4033,101.25,7.05
Lakes Entrance,40,AU,1626069755,56,-37.8811,147.981,58.17,3.33
Skellefteå,0,SE,1626069756,49,64.7507,20.9528,75.99,1.99
Ormara,79,PK,1626069756,78,25.2088,64.6357,83.35,6.93
Plettenberg Bay,46,ZA,1626069756,46,-34.0527,23.3716,53.87,3.44
Shimoda,100,JP,1626069757,75,34.6667,138.95,87.1,13.62
Vysokogornyy,100,RU,1626069757,71,50.1167,139.15,76.05,6.13
Manjacaze,0,MZ,1626069757,76,-24.7117,33.8828,62.06,5.39
Grand Gaube,28,MU,1626069757,70,-20.0064,57.6608,74.37,13.0
Olden,40,NO,1626069758,67,61.8364,6.8064,64.9,4.05
Kruisfontein,1,ZA,1626069758,40,-34.0033,24.7314,49.5,2.53
Malinovskiy,63,RU,1626069759,41,61.1953,62.8397,65.98,7.27
Vao,47,NC,1626069759,66,-22.6667,167.4833,69.31,14.45
Bengkulu,68,ID,1626069476,72,-3.8004,102.2655,83.52,10.4
Dingle,73,PH,1626069759,64,10.9995,122.6711,89.1,7.96
Aransas Pass,1,US,1626069760,91,27.9095,-97.15,83.01,10.0
Maniitsoq,98,GL,1626069760,79,65.4167,-52.9,43.0,0.47
Gigmoto,100,PH,1626069760,72,13.7796,124.39,86.54,6.78
Taltal,67,CL,1626069761,84,-25.4,-70.4833,56.14,0.47
Walvis Bay,1,NA,1626069761,91,-22.9575,14.5053,57.09,8.16
Tupik,100,RU,1626069761,53,54.4253,119.9327,72.36,3.2
Remedios,82,CU,1626069762,89,22.4947,-79.5458,76.78,10.8
Shenjiamen,100,CN,1626069762,86,29.9576,122.298,80.76,21.14
Mount Gambier,75,AU,1626069762,94,-37.8333,140.7667,55.31,11.5
Mazatlán,100,MX,1626069742,84,23.2167,-106.4167,84.02,1.01
Mossamedes,0,AO,1626069763,84,-15.1961,12.1522,62.15,10.65
Tiznit Province,92,MA,1626069763,38,29.5833,-9.5,82.08,2.08
Venice,20,US,1626069569,95,27.0998,-82.4543,79.14,8.05
Batagay-Alyta,100,RU,1626069764,78,67.8006,130.4114,48.67,2.51
Mareeba,88,AU,1626069764,74,-17.0,145.4333,73.44,6.71
Umluj,0,SA,1626069764,34,25.0213,37.2685,91.9,8.08
Inhambane,0,MZ,1626069765,66,-23.865,35.3833,67.55,2.28
San Andrés,100,CO,1626069608,79,12.5847,-81.7006,82.2,22.32
Makakilo City,97,US,1626069765,64,21.3469,-158.0858,78.57,14.88
Saskylakh,74,RU,1626069766,33,71.9167,114.0833,62.02,14.7
Saint-Augustin,100,CA,1626069766,93,51.226,-58.6502,56.39,8.05
Marquette,0,US,1626069766,77,46.5333,-87.6335,56.35,3.02
Lima,93,PE,1626069767,90,-12.0432,-77.0282,60.13,6.78
Lavrentiya,96,RU,1626069767,82,65.5833,-171.0,51.17,8.1
Āstāneh-ye Ashrafīyeh,95,IR,1626069767,74,37.2596,49.9444,82.33,0.92
Mehamn,10,NO,1626069767,65,71.0357,27.8492,60.98,8.75
Muramatsu,91,JP,1626069768,74,37.6833,139.1833,80.44,4.59
Kalmunai,77,LK,1626069768,51,7.4167,81.8167,89.98,4.61
Sistranda,49,NO,1626069768,86,63.7256,8.834,62.56,7.09
Yulara,41,AU,1626069769,29,-25.2406,130.9889,73.76,6.64
Brae,100,GB,1626069769,91,60.3964,-1.353,55.31,2.77
Klaksvík,100,FO,1626069769,94,62.2266,-6.589,52.72,4.81
Prykolotne,54,UA,1626069770,62,50.1604,37.3474,76.42,9.44
Upernavik,7,GL,1626069770,77,72.7868,-56.1549,37.63,10.63
Gamba,98,GA,1626069771,88,-2.65,10.0,73.45,6.26
St. George's,100,GD,1626069732,86,12.0564,-61.7485,78.96,17.54
Oktyabr'skiy,5,RU,1626069771,47,54.4815,53.471,66.74,14.72
Manicoré,95,BR,1626069772,85,-5.8092,-61.3003,73.04,1.43
Øksfjord,100,NO,1626069772,80,70.2396,22.3479,67.12,1.7
Mahébourg,29,MU,1626069664,58,-20.4081,57.7,74.25,18.59
Nanortalik,100,GL,1626069772,97,60.1432,-45.2371,41.92,4.99
Itapora,10,BR,1626069773,59,-22.0799,-54.7874,59.34,6.42
Alice Springs,25,AU,1626069773,21,-23.7,133.8833,81.95,11.99
Vuktyl,2,RU,1626069773,40,63.8567,57.3094,56.82,10.4
Hamilton,75,US,1626069774,95,39.1834,-84.5333,73.99,0.0
Ascension,40,US,1626069774,95,30.2169,-90.9001,78.01,0.0
Trelew,11,AR,1626069774,66,-43.249,-65.3051,44.06,10.74
Port-Cartier,7,CA,1626069775,61,50.0334,-66.8654,51.75,10.76
Katherine,60,AU,1626069775,10,-14.4667,132.2667,91.72,14.97
Campoverde,74,PE,1626069775,99,-8.4753,-74.8058,69.6,1.59
Waipawa,100,NZ,1626069776,77,-41.4122,175.5153,45.23,4.43
Hornepayne,0,CA,1626069776,91,49.2138,-84.7705,55.96,4.9
Gannan,10,CN,1626069776,62,47.9147,123.5031,87.22,10.78
Labuhan,42,ID,1626069777,56,-6.8844,112.2051,87.78,12.19
Wilmington,42,US,1626069504,82,34.2257,-77.9447,80.85,3.0
Poum,96,NC,1626069777,65,-20.2333,164.0167,71.91,17.27
Aykhal,100,RU,1626069778,53,66.0,111.5,67.1,12.48
Moose Factory,2,CA,1626069778,73,51.2585,-80.6094,44.46,3.8
Talakan,54,RU,1626069778,45,50.3167,130.3667,86.74,2.89
Camargo,73,MX,1626069779,44,27.6667,-105.1667,81.45,10.8
San Jose,75,US,1626069400,79,37.3394,-121.895,66.88,10.36
Constitución,38,CL,1626069779,71,-35.3333,-72.4167,45.03,4.61
Nemuro,100,JP,1626069770,93,43.3236,145.575,60.75,10.78
Cao Bang,72,VN,1626069779,53,22.6667,106.25,92.53,9.42
Bariloche,58,AR,1626069635,94,-41.1456,-71.3082,35.78,7.11
Mayo,4,US,1626069650,87,38.8876,-76.5119,80.91,3.0
Quelimane,47,MZ,1626069780,71,-17.8786,36.8883,73.6,3.02
Amahai,92,ID,1626069780,86,-3.3333,128.9167,79.59,7.05
Kamenka,0,RU,1626069781,52,51.3223,42.7678,75.42,9.95
The Valley,97,AI,1626069781,77,18.217,-63.0578,82.09,23.04
Kropotkin,0,RU,1626069781,46,45.4375,40.5756,82.31,3.53
Shīeli,0,KZ,1626069782,17,44.1667,66.75,92.3,6.62
Catalina,56,US,1626069782,58,32.5056,-110.9211,89.46,12.28
San Patricio,58,US,1626069782,95,28.017,-97.5169,82.89,6.71
Bereda,90,ES,1626069783,100,43.2686,-7.5406,57.42,3.96
Rzhishchëv,56,UA,1626069783,69,49.9689,31.0463,80.17,7.27
Isangel,82,VU,1626069784,87,-19.55,169.2667,72.57,12.55
Laje,8,BR,1626069784,92,-10.1833,-40.9667,62.82,4.65
Sarankhola,100,BD,1626069784,57,22.3082,89.7897,91.74,10.4
‘Ewa Beach,99,US,1626069785,64,21.3156,-158.0072,79.99,11.99
Nampula,79,MZ,1626069785,79,-15.1165,39.2666,68.0,9.28
Kharp,90,RU,1626069785,83,66.8014,65.8081,43.02,8.9
Ōdate,96,JP,1626069786,87,40.2686,140.5683,76.24,3.27
Jiaojiang,100,CN,1626069786,73,28.6803,121.4428,97.0,13.73
Pevek,47,RU,1626069787,67,69.7008,170.3133,55.53,0.34
Alihe,47,CN,1626069787,61,50.5667,123.7167,81.12,8.14
Nizhniy Kuranakh,100,RU,1626069787,69,58.8353,125.4869,66.43,4.88
Severnoye,75,RU,1626069787,53,56.3491,78.3619,77.32,5.79
Bodden Town,73,KY,1626069788,90,19.2833,-81.25,82.92,15.79
Shubarkuduk,41,KZ,1626069788,43,49.1447,56.4872,77.09,11.05
Calvinia,1,ZA,1626069789,56,-31.4707,19.776,41.92,5.48
Dalvik,15,IS,1626069789,81,65.9702,-18.5286,55.9,2.01
Geraldton,90,AU,1626069789,60,-28.7667,114.6,72.01,23.02
Cabo San Lucas,19,MX,1626069514,67,22.8909,-109.9124,88.61,7.0
Ulladulla,100,AU,1626069790,61,-35.35,150.4667,61.88,6.06
Mount Isa,74,AU,1626069609,13,-20.7333,139.5,82.17,12.66
Canoa,68,DO,1626069790,83,18.355,-71.1585,77.38,5.21
Provideniya,0,RU,1626069791,76,64.3833,-173.3,44.71,6.71
Houston,40,US,1626069046,84,29.7633,-95.3633,82.8,3.0
Butaritari,98,KI,1626069791,71,3.0707,172.7902,83.73,14.05
San Juan,5,AR,1626069653,58,-31.5375,-68.5364,50.47,2.01
Newton,90,US,1626069792,93,42.337,-71.2092,69.78,1.99
Roquetas de Mar,41,ES,1626069792,60,36.7642,-2.6148,73.4,11.05
Oistins,66,BB,1626069792,82,13.0667,-59.5333,79.43,21.16
Mojokerto,26,ID,1626069793,46,-7.4664,112.4338,89.31,8.23
Guerrero Negro,4,MX,1626069793,85,27.9769,-114.0611,67.32,12.24
Omboué,100,GA,1626069794,88,-1.5746,9.2618,74.66,8.48
Lata,77,PT,1626069794,93,40.1629,-8.3327,58.93,3.78
Bowen,31,AU,1626069794,64,-20.0167,148.2333,71.38,15.9
Sisimiut,83,GL,1626069794,77,66.9395,-53.6735,42.82,3.76
Alofi,0,NU,1626069795,84,-19.0595,-169.9187,77.14,15.08
Ambilobe,1,MG,1626069795,47,-13.2,49.05,80.73,8.93
Bethal,0,ZA,1626069796,50,-26.4579,29.4655,46.53,5.03
Biak,66,ID,1626069796,86,-0.9131,122.8766,78.89,11.01
Abaza,98,RU,1626069796,64,52.655,90.0928,70.59,6.04
Ixtapa,100,MX,1626069797,96,20.7,-105.2,76.3,1.57
Al Bardīyah,0,LY,1626069797,59,31.7561,25.0865,79.66,7.92
Lintangan,90,PH,1626069797,78,7.2155,121.952,83.64,4.36
Shingū,100,JP,1626069798,81,33.7333,135.9833,80.91,1.77
Waingapu,12,ID,1626069798,54,-9.6567,120.2641,85.1,17.05
Buşayrā,0,JO,1626069618,35,30.7376,35.6078,76.35,5.41
Neuquén,6,AR,1626069624,46,-38.9516,-68.0591,43.43,7.74
San Angelo,100,US,1626069598,93,31.4638,-100.437,71.98,1.99
Zarubino,52,RU,1626069799,83,42.63,131.0922,74.37,9.15
Price,42,US,1626069799,20,39.5994,-110.8107,78.12,7.27
Harper,81,LR,1626069799,76,4.375,-7.7169,76.42,6.31
Huanren,90,CN,1626069800,55,41.2647,125.3667,88.43,8.23
Petrykivka,0,UA,1626069800,63,48.7298,34.6351,77.92,7.99
Traralgon,100,AU,1626069800,64,-38.1833,146.5333,60.42,1.99
Okha,100,RU,1626069801,97,53.5739,142.9478,60.24,1.3
Nanzhou,71,CN,1626069801,55,29.3596,112.4024,95.02,12.59
Malinovoye Ozero,70,RU,1626069801,40,51.6753,79.7825,79.92,6.76
Nyurba,98,RU,1626069802,38,63.2842,118.3319,76.55,3.11
Santa Cruz de Tenerife,43,ES,1626069802,57,28.4682,-16.2546,86.59,9.22
Matara,73,LK,1626069802,71,5.9485,80.5353,85.1,19.08
Porto Nacional,9,BR,1626069789,51,-10.7081,-48.4172,70.23,2.28
Puerto El Triunfo,98,SV,1626069803,92,13.2833,-88.55,75.36,3.6
Rocha,80,UY,1626069803,88,-34.4833,-54.3333,48.13,6.15
Strezhevoy,33,RU,1626069803,36,60.7333,77.5889,60.78,3.2
Rincon,1,US,1626069804,97,32.296,-81.2354,80.85,4.61
Pangnirtung,8,CA,1626069804,63,66.1451,-65.7125,50.27,0.78
Ostrovnoy,94,RU,1626069804,75,68.0531,39.5131,48.27,7.94
Narsaq,100,GL,1626069805,99,60.9167,-46.05,46.62,4.7
Port Hueneme,20,US,1626069600,86,34.1478,-119.1951,78.62,4.61
Cockburn Town,31,TC,1626069805,86,21.4612,-71.1419,81.16,23.58
Kenai,92,US,1626069806,59,60.5544,-151.2583,59.09,6.13
Uvira,24,CD,1626069806,61,-3.4067,29.1458,74.52,2.37
Taoudenni,12,ML,1626069806,37,22.6783,-3.9836,90.55,7.14
Mahabalipuram,100,IN,1626069807,53,12.6264,80.1722,89.65,14.92
Mujiayingzi,100,CN,1626069807,72,42.1167,118.7833,74.84,23.6
Kang,0,BW,1626069808,36,-23.6752,22.7876,48.45,8.95
Bayan,85,CN,1626069808,60,46.0833,127.4,86.86,4.21
Bartica,83,GY,1626069808,99,6.4,-58.6167,77.32,1.61
Grande Prairie,56,CA,1626069809,66,55.1667,-118.8027,58.14,4.94
Lompoc,90,US,1626069809,91,34.6391,-120.4579,65.21,5.75
Porto Belo,0,BR,1626069788,87,-27.1578,-48.5531,60.17,4.47
Talnakh,85,RU,1626069810,59,69.4865,88.3972,46.08,9.93
Konëvo,37,RU,1626069810,58,62.1215,39.3192,78.06,5.7
Tūkrah,0,LY,1626069810,61,32.5341,20.5791,81.12,13.71
San Borja,26,BO,1626069811,82,-14.8167,-66.85,70.77,2.15
Makkah al Mukarramah,31,SA,1626069527,18,21.4267,39.8261,96.04,7.92
Ippy,100,CF,1626069811,97,6.2679,21.2247,69.53,1.52
Mrakovo,38,RU,1626069811,36,52.7161,56.6244,71.53,11.81
Quatre Cocos,38,MU,1626069812,57,-20.2078,57.7625,74.08,18.5
Seinäjoki,0,FI,1626069812,61,62.7945,22.8282,73.98,1.01
Madimba,76,TZ,1626069812,76,-10.4,40.3333,74.86,12.39
Balkanabat,0,TM,1626069813,16,39.5108,54.3671,96.28,2.08
Laas,7,IT,1626069813,77,46.6166,10.7002,61.02,2.46
Vanimo,86,PG,1626069813,68,-2.6741,141.3028,85.21,10.33
Villazón,0,BO,1626069814,35,-22.0866,-65.5942,41.9,0.94
Naliya,100,IN,1626069814,63,23.2667,68.8333,88.99,4.99
Qaqortoq,100,GL,1626069814,98,60.7167,-46.0333,46.9,1.45
Fortuna Foothills,1,US,1626069815,36,32.6578,-114.4119,94.21,8.01
Sechura,43,PE,1626069815,79,-5.5569,-80.8222,67.1,8.55
Ingham,90,US,1626069815,87,42.6,-84.3833,66.38,3.44
Suffolk,90,US,1626069593,96,40.8668,-72.7996,75.42,8.01
Mogadouro,90,PT,1626069816,68,41.3403,-6.7119,53.78,14.52
Talcahuano,1,CL,1626069619,83,-36.7167,-73.1167,44.69,5.12
Vostok,45,RU,1626069816,70,46.4856,135.8833,77.61,4.63
Batemans Bay,100,AU,1626069619,57,-35.7167,150.1833,62.2,4.97
Berezovyy,82,RU,1626069817,68,51.6667,135.7,79.65,5.37
Ayan,98,RU,1626069818,88,56.45,138.1667,57.99,3.67
Talas,0,TR,1626069818,60,38.6908,35.5538,72.27,4.61
Tuatapere,98,NZ,1626069819,93,-46.1333,167.6833,42.73,3.42
Toamasina,72,MG,1626069819,81,-18.1667,49.3833,71.6,5.75
Nadym,88,RU,1626069820,47,65.5333,72.5167,52.74,11.39
Kozhva,16,RU,1626069820,43,65.1073,57.0459,55.35,8.3
Sheridan,1,US,1626069820,31,44.8333,-106.9173,76.01,1.01
Izhmorskiy,82,RU,1626069821,58,56.194,86.6414,74.1,3.69
Jiexiu,82,CN,1626069821,37,37.0244,111.9125,89.06,12.21
Ambulu,15,ID,1626069821,63,-8.345,113.6058,85.95,9.53
Soyo,66,AO,1626069822,81,-6.1349,12.3689,72.57,5.39
Bonfim,100,BR,1626069822,91,3.0833,-59.95,73.33,3.18
Saldanha,79,ZA,1626069822,89,-33.0117,17.9442,55.04,21.7
Perth,75,AU,1626069821,65,-31.9333,115.8333,69.98,24.16
Inuvik,96,CA,1626069823,65,68.3499,-133.7218,42.58,7.67
Katsuura,96,JP,1626069823,79,35.1333,140.3,84.31,12.15
Thompson,99,CA,1626069701,79,55.7435,-97.8558,66.63,5.64
Itaqui,100,BR,1626069678,78,-29.1253,-56.5531,63.7,9.44
Faya,60,SA,1626069824,21,18.3851,42.4509,79.32,14.5
Ust-Kuyga,89,RU,1626069824,47,70.0167,135.6,50.94,3.56
Yar-Sale,82,RU,1626069825,57,66.8333,70.8333,48.36,15.73
Makubetsu,83,JP,1626069825,87,45.3714,141.8211,69.21,4.09
Carolina,97,PR,1626069825,85,18.3808,-65.9574,82.47,12.8
Verkhniy Rohachyk,85,UA,1626069826,64,47.2505,34.338,76.41,4.63
Palana,79,RU,1626069826,72,59.1167,159.9667,55.18,2.68
Paamiut,100,GL,1626069826,95,61.994,-49.6678,41.76,6.62
Leningradskiy,22,RU,1626069827,46,69.3833,178.4167,74.08,11.86
Springfield,90,US,1626069771,96,37.2153,-93.2982,66.04,1.01
Riyadh,7,SA,1626069733,10,24.6877,46.7219,104.56,7.23
Melo,87,UY,1626069827,92,-32.3667,-54.1833,56.34,5.55
Sapa,100,PH,1626069828,76,5.1544,120.3241,83.1,3.38
Margate,100,GB,1626069655,90,51.3813,1.3862,59.92,1.99
Fenoarivo,75,MG,1626069828,88,-18.933,47.4354,57.27,6.91
Fenoarivo Atsinanana,83,MG,1626069829,86,-17.3667,49.4167,71.02,8.05
Edd,42,ER,1626069829,56,13.9297,41.6925,92.84,8.86
Boshnyakovo,93,RU,1626069829,85,49.6333,142.1667,66.31,10.13
Kiama,100,AU,1626069830,64,-34.6833,150.8667,64.38,5.01
La Ronge,97,CA,1626069830,62,55.1001,-105.2842,64.22,8.05
Pitimbu,24,BR,1626069830,86,-7.4706,-34.8086,74.62,10.07
Lixouri,20,GR,1626069831,74,38.2019,20.4314,82.26,4.61
Puerto Ayacucho,91,VE,1626069831,92,5.6639,-67.6236,74.46,2.93
College,98,US,1626069832,48,64.8569,-147.8028,66.9,0.72
Vila Velha,20,BR,1626069832,94,-20.3297,-40.2925,62.55,2.3
Ponta Delgada,75,PT,1626069832,77,37.7333,-25.6667,66.92,5.75
Buluang,100,PH,1626069833,72,13.3068,123.3425,87.03,2.01
Arrondissement de Montbrison,99,FR,1626069833,90,45.6667,4.0833,64.74,3.58
Kushmurun,100,KZ,1626069833,87,52.4503,64.6311,54.55,20.2
Bambanglipuro,17,ID,1626069834,71,-7.95,110.2833,70.61,11.12
Pedraza,97,CO,1626069834,87,10.1874,-74.915,76.82,3.38
Nebolchi,0,RU,1626069834,60,59.1239,33.3454,78.44,2.06
Tomatlán,100,MX,1626069835,93,19.9333,-105.25,75.81,3.85
São Gabriel da Cachoeira,99,BR,1626069835,99,-0.1303,-67.0892,70.5,0.43
Pacasmayo,94,PE,1626069836,85,-7.4006,-79.5714,65.46,10.2
Valley City,75,US,1626069836,100,46.9233,-98.0032,67.19,8.05
Vanavara,100,RU,1626069836,40,60.34,102.2797,75.06,5.55
Ouégoa,87,NC,1626069837,65,-20.35,164.4333,70.65,5.57
Jalu,0,LY,1626069837,65,29.0331,21.5482,81.63,4.47
Damara,100,CF,1626069837,94,4.9608,18.7035,70.36,0.69
Spiridonovka,0,RU,1626069838,45,53.0925,50.6462,69.01,15.05
Awjilah,0,LY,1626069838,70,29.1081,21.2869,80.53,4.63
Arawa,100,PG,1626069838,70,-6.2132,155.5367,83.61,4.38
Aksu,99,CN,1626069839,20,41.1231,80.2644,88.84,8.57
Yuzhno-Kurilsk,100,RU,1626069839,94,44.0306,145.8556,59.81,7.99
Ushtobe,3,KZ,1626069839,20,45.2514,77.9838,91.02,16.17
Freeport,90,US,1626069699,96,40.6576,-73.5832,76.98,3.0
Bafoulabé,100,ML,1626069840,90,13.8065,-10.8321,74.52,1.07
Puerto Maldonado,95,PE,1626069840,70,-12.6,-69.1833,75.94,1.68
Kérouané,99,GN,1626069841,98,9.2667,-9.0167,68.5,3.18
Piaçabuçu,37,BR,1626069841,88,-10.4056,-36.4344,72.7,6.85
Mumford,74,GH,1626069841,85,5.2618,-0.759,75.49,7.36
Gualan,68,GT,1626069842,97,15.1333,-89.3667,71.17,0.98
Båtsfjord,0,NO,1626069842,58,70.6345,29.7185,58.78,10.36
Olafsvik,100,IS,1626069843,89,64.8945,-23.7142,52.93,17.25
Port Hardy,14,CA,1626069701,92,50.6996,-127.4199,53.01,8.61
Tepalcatepec,100,MX,1626069843,87,19.1833,-102.85,72.75,2.33
Kavaratti,100,IN,1626069844,81,10.5669,72.642,82.42,22.37
Bintulu,85,MY,1626069844,82,3.1667,113.0333,81.84,5.73
Ovalle,100,CL,1626069844,91,-30.5983,-71.2003,51.21,1.32
Sakakah,0,SA,1626069845,16,29.9697,40.2064,94.84,8.57
Sola,68,VU,1626069845,80,-13.8833,167.55,79.7,11.77
Richards Bay,0,ZA,1626069845,71,-28.783,32.0377,63.05,14.0
Kisangani,75,CD,1626069846,76,0.5167,25.2,75.33,1.19
Pushkino,0,RU,1626069846,50,56.0172,37.8667,79.18,5.46
Sioux Lookout,12,CA,1626069846,53,50.1001,-91.917,69.78,7.74
Mil'kovo,59,RU,1626069846,58,54.7167,158.6167,76.71,4.27
Colac,97,AU,1626069847,64,-38.3333,143.5833,60.15,15.95
Baymak,33,RU,1626069847,46,52.5933,58.3225,64.81,12.86
Cortez,1,US,1626069848,39,37.3489,-108.5859,73.51,4.61
Muroto-misakicho,100,JP,1626069848,77,33.2833,134.15,79.95,5.08
Zyryanka,99,RU,1626069848,92,65.75,150.85,51.6,22.37
Yerbogachën,53,RU,1626069848,51,61.2767,108.0108,71.1,4.59
Leshan,42,CN,1626069849,57,29.5623,103.7639,91.65,5.57
Takoradze,32,GH,1626069849,85,4.8845,-1.7554,74.88,6.24
Barra dos Coqueiros,40,BR,1626069747,94,-10.9089,-37.0386,69.82,3.44
Vardø,40,NO,1626069850,87,70.3705,31.1107,58.75,6.91
Dédougou,73,BF,1626069850,83,12.4667,-3.4667,73.85,5.55
West Bay,71,KY,1626069850,84,19.3667,-81.4167,82.99,3.0
Grootfontein,5,NA,1626069851,37,-19.5667,18.1167,51.48,4.88
Kaura Namoda,92,NG,1626069851,69,12.5898,6.5779,79.02,6.82
Seydişehir,0,TR,1626069851,32,37.4193,31.8453,77.31,3.78
Pictou,100,CA,1626069852,77,45.6834,-62.7153,66.43,6.71
Port Hedland,51,AU,1626069852,54,-20.3167,118.5667,84.25,11.5
Paita,52,PE,1626069852,83,-5.0892,-81.1144,66.65,8.05
Susanville,1,US,1626069853,28,40.4163,-120.653,78.64,1.99
Kayes,100,ML,1626069853,86,14.0,-11.0,73.76,3.06
Tsimmerbude,2,RU,1626069853,82,54.675,20.1347,71.65,8.25
Fillmore,0,US,1626069608,93,43.6666,-92.1002,62.62,4.5
Magistral'nyy,48,RU,1626069854,43,56.1725,107.4458,73.8,6.58
Luena,0,AO,1626069854,45,-11.7833,19.9167,50.72,2.8
Shetpe,0,KZ,1626069854,22,44.1667,52.1167,87.91,7.47
Batticaloa,87,LK,1626069855,50,7.7102,81.6924,90.88,12.75
Shambu,76,ET,1626069855,79,9.5667,37.1,56.03,2.35
Adrar,69,MR,1626069856,35,20.5022,-10.0711,84.06,3.71
Cabras,10,IT,1626069856,39,39.93,8.5314,79.92,7.45
Horki,2,BY,1626069857,69,54.2861,30.9842,76.73,6.08
Hay River,91,CA,1626069611,80,60.8156,-115.7999,56.43,13.96
Tokmak,13,UA,1626069857,54,47.2514,35.7058,82.6,9.95
Todos Santos,24,MX,1626069857,92,23.45,-110.2167,88.11,4.45
Fredericksburg,1,US,1626069607,85,38.3032,-77.4605,79.86,1.01
Aitape,89,PG,1626069858,76,-3.1374,142.3475,83.93,10.27
Nicoya,100,CR,1626069858,94,10.1483,-85.452,72.95,2.13
Srednekolymsk,7,RU,1626069858,57,67.45,153.6833,72.0,10.47
Vestmannaeyjar,49,IS,1626069859,91,63.4427,-20.2734,52.25,18.52
Shawnee,75,US,1626069859,84,39.05,-95.7669,68.45,1.01
Galveston,70,US,1626069859,88,29.3669,-94.9669,82.96,1.01
Panjakent,33,TJ,1626069860,29,39.4952,67.6093,84.0,8.28
Águas Vermelhas,67,BR,1626069860,93,-15.7472,-41.46,54.84,3.0
Hammerfest,0,NO,1626069860,68,70.6634,23.6821,64.85,6.91
Torres,6,BR,1626069861,90,-29.3353,-49.7269,56.59,4.94
Fukuechō,100,JP,1626069861,86,32.6881,128.8419,81.19,11.97
Tutin,3,RS,1626069861,76,42.9903,20.3314,66.25,1.57
Tāndā,62,IN,1626069862,55,26.55,82.65,93.58,13.44
Inírida,98,CO,1626069862,99,3.8653,-67.9239,72.27,0.83
Sibolga,100,ID,1626069862,89,1.7427,98.7792,77.85,0.76
São José da Coroa Grande,3,BR,1626069863,85,-8.8978,-35.1478,74.39,8.28
Dahuk,0,IQ,1626069600,15,36.8695,42.994,95.14,7.05
Palmeira das Missões,69,BR,1626069713,66,-27.8994,-53.3136,55.2,6.31
Guanay,100,BO,1626069863,81,-15.4975,-67.8797,72.39,1.21
Chifeng,100,CN,1626069864,61,42.2683,118.9636,79.3,23.33
Andreapol',3,RU,1626069864,62,56.6513,32.2664,77.67,4.29
Zhangaözen,5,KZ,1626069864,19,43.3,52.8,89.35,3.98
Rosetown,47,CA,1626069865,60,51.5501,-108.0014,63.73,8.88
Imbituba,1,BR,1626069617,84,-28.24,-48.6703,63.82,6.24
Sobolevo,4,RU,1626069865,71,54.4299,31.8996,76.75,6.46
Aberdeen,75,GB,1626069865,100,57.1437,-2.0981,60.49,4.61
Marabu,68,MY,1626069866,70,4.4148,114.0089,85.37,6.93
Kencong,11,ID,1626069866,66,-8.2833,113.3667,84.38,9.17
Severo-Kuril'sk,80,RU,1626069866,88,50.6789,156.125,54.97,7.23
Catubig,98,PH,1626069867,61,12.4098,125.0548,89.31,6.78
Beyneu,55,KZ,1626069867,40,45.3167,55.2,85.98,10.49
São Félix do Xingu,28,BR,1626069867,59,-6.6447,-51.995,69.75,1.45
Mnogovershinnyy,100,RU,1626069868,91,53.9353,139.9242,62.55,1.16
Zhangye,0,CN,1626069868,14,38.9342,100.4517,93.11,4.81
Tezu,71,IN,1626069868,54,27.9167,96.1667,91.18,3.8
Saint-Pierre,0,RE,1626069868,55,-21.3393,55.4781,75.29,3.44
Dingli,20,MT,1626069869,83,35.8614,14.3822,77.81,5.75
Caucayá,99,CO,1626069869,99,-0.1934,-74.7819,70.56,1.92
Nanga Eboko,100,CM,1626069870,94,4.6833,12.3667,68.43,4.03
Luocheng,39,CN,1626069870,56,29.3848,104.0286,91.87,3.15
Chanthaburi,60,TH,1626069870,82,12.8333,102.1667,74.14,3.56
Calabozo,82,VE,1626069871,83,8.9242,-67.4293,74.21,4.12
Opuwo,10,NA,1626069871,38,-18.0607,13.84,54.48,3.22
Chapais,0,CA,1626069871,65,49.7834,-74.8492,50.02,4.81
Doumé,91,CM,1626069872,98,4.2333,13.45,67.91,3.27
Humaitá,28,BR,1626069872,60,-7.5061,-63.0208,71.76,2.51
Tual,80,ID,1626069872,82,-5.6667,132.75,81.16,17.81
